<?xml version="1.0" encoding="UTF-8"?>
<metadata xml:lang="es"><Esri><CreaDate>20260128</CreaDate><CreaTime>17584800</CreaTime><ArcGISFormat>1.0</ArcGISFormat><SyncOnce>TRUE</SyncOnce><DataProperties><lineage><Process ToolSource="c:\program files (x86)\arcgis\desktop10.8\ArcToolbox\Toolboxes\Data Management Tools.tbx\AddSpatialIndex" Date="20260128" Time="175848">AddSpatialIndex "C:\00Trabajo\2026\04 PREPARACION BGD\Corte 15 Dic 2025\SHAPES\25 Sinaloa\CENTRO_COMERCIAL.shp" 0 0 0</Process></lineage></DataProperties></Esri></metadata>
